name_user,reason_ban,time_ban
ZX4E1GQG4C,B1UPHCTF,1352642921000
CB7VTEO8BQ,N043REFL5G,320506116000
KMY,KHNW7Q20,904112580000
D3,0SBO579QW,306461014000
F,6QZLQL,1685994180000
59J668TNC,O,1256475830000
WYVPROQ5KS,9P,1463860449000
ATEF,U6U,1573870447000
GKFBBPHC09,CI,299781644000
HPU0F3D,8WHQT3U,321362621000
HL0J83L1,WL9XS,836200077000
4KNA64TGLU,RAP,481032236000
71I87R8YI,9,889905526000
64CEUWLSX,X39O,799145367000
7,HRJHVUJ6,1648092286000
VP3,IP,592774214000
BZ4Y,OEZ5B,1682522244000
ALJNY,3DLSLFELJ,785945878000
Q,W1RS1VTG5E,1674684570000
L29N6ROZN1,VC,1676973100000
Z0LWSW1M,A,302237668000
I6V,WIQVQR,315672418000
YMT6NA,31A,189494428000
HV6H85HN4,Z6JI69U3,1331857310000
ZSQ,GA,1729682627000
TOE2IH0HIR,U,1276076728000
U3KR,2YJ2,136969103000
WCFULGB9,Q5,1078173218000
MZZ1UV1LJ,XNAF9XT,379990791000
8GOQN3XF,SIGX,70776641000
OKO1PB8Y6,0,1010427444000
MBPYV735R,3,207062684000
DTV5E9,XMA1,1795356260000
P1FK,1JWD08,365135056000
BEU4UP,533YFSXJ9,829808308000
X,1JXHCYBZL,1504376003000
F0RK,9AG9F,1476733727000
9XSH9E6,7NTQQ,852861257000
ZNAMF3XR,VN2LBKCSEY,1828474679000
IQD7FEJNB7,KNLN5I81U8,1506011718000
XL5A,QAR,1695218750000
M,JGDP,708257805000
AIFE,R8OJELF,812276516000
HTSWDJGR,X047,1559549621000
GW,V7NHQG,1800864057000
BA18UQSFRX,Q0J5J,1086490417000
SSIOBM256,E,16247015000
0ZPF,LXHVD4,1880451902000
E,1,1296534831000
EVUKSYK,QNX3OKWMVD,1693063314000
7KLGBC3A,EF,479401720000
IVGR6,9,130995109000
I6NP,R627RBH542,606627743000
X,GK80HJ15,869748176000
8U,4S,819401703000
LBJY0,45H8U,172721885000
IQWQWC,ORKQSZNH,1841490993000
9JE1GESNS,ASPNM,1094788034000
QE0WBBQ,UQJ,1363717020000
F,YBLYZR,329162007000
0YYB1P,4NIH7SP1,1822578219000
PNSQ74POZH,DU,1206455841000
FJU6XC,RONJLFC7V,284006116000
7U,DVYYJ38E,904444626000
WEONOH,GSW58,1615642049000
SLI,0W8,1201180836000
8P88H6R2Q,NJJ7,162249286000
23AB1,9D,264973125000
PLV48FUUBB,FFX1,141881292000
M,PIH8MGQ9LN,1014467504000
RIC9YM3B,O5XT,23273833000
N8NGCAVT,12E1YWU9G,420276824000
36DAA7,MD5MPVMF,892141481000
9B,3CSKA1PU,1643025624000
S4YKQP5R,FIYWVK,1854090493000
L1G3R0F,8QCFQC,151391485000
44OGAA3U,DMXAVQ,415008129000
A,8L,1376086190000
PCL7,67UOCH,1582785128000
OZ0SSJABJ,QLLRI7R6,1691350039000
ZQ,1BJ,1600262014000
3K0G610MT6,V0HMZOI62,953961387000
N4,J23,1243827051000
JR5U,VN9Z,1711529610000
0LRYR0,11H9WRN3,1554335263000
L0,0I9,980373288000
P7FMJ4S3HT,NMQZU,1648935676000
VWK,HDDA,971918492000
DOZIMMP,Z62I,1026733886000
I6J5VVG2R,G7MV,326140354000
5VKI3Q,RZZO9XUXN,248335698000
4ILN716E1N,I06TV,374931946000
KB64Z1DH,KAB4,984890656000
K0,5L8362,1589781985000
U1,DUF,1601025167000
AXUYUWFV,QYD4BTIJ8,601654533000
O,CH8S0GWOC,1301132638000
R4KT,D,711705468000
CXVVO7K,JEA,1691903492000
4CQK9FY,FEN0OW4PM,435415587000
AW69WGTBA,FO3O5CJ6,602236618000
0ON3S89,AC1ZUJ4,1863733425000
VNL29,PL4A5D2UP6,1642882684000
PDKK,QT9RTZ,1791718365000
JUJO9ZCPL,HJBT459,1274682858000
C0,PL1,777049896000
77,S7SJ7GZD,292860417000
K,0KGA5,566251938000
83ZWJ2E2SF,F,753370924000
42,QFA5,1631954291000
GBM5083,223H98,1533699889000
1YO,S1,526137903000
7U6G,MXHSAAJH,1861867873000
IDFYWBXAU,W8O,1527373419000
7TAA2Y8OUM,HNKHX1VCE,781951252000
0XHI,20A7Y,1801609507000
XEHY,5J8WWS85,1309494402000
F6VF,9H9PPFCN,1621072923000
E41O7,7BZE,59165211000
X,WHTV0,1460573506000
JZ,4QA,1538393687000
V9S,8R8B0ECHQ,383223013000
H7LA9,G,139286266000
063X58Y2N,WDZ,187804312000
BR,SRRHJA0TBE,234142277000
9NM0,NR9NH6QJX,793692449000
4,O,1515283939000
BK,P12,1128667885000
71TFF,T,1156674511000
XASA2VP,KMU9LH,1741448266000
E8BAZJFXC0,ICTKRADH,1024534328000
TYH3Q,F,1512512786000
ZOQ2C90JO,ANNRFXSN1,1548232652000
E6SEPTQ50,UCLDT,133883366000
TFLX4M5CL,G661F,856178280000
4H82KSY5AT,5K5S,1512642375000
4,ZMI,1098257844000
H,VHGJ85W1AX,394788212000
FF,1U5,1304378866000
V58N6UNPV,M1NA,180118775000
0W2H832H6,Q0LN6WK76,1067639486000
PI6RQC3OI,39CTF,1308220152000
I8ZDRRZ3Z,X0FZ6NLDA,1050756429000
2OCNSZ,KCL9SVI,1070091562000
6MOYJ2G3R,0GPBZ4ZPG,904541305000
YAX1SBV,1FINJDKWV,1255491883000
PW,9LNT5,1313285234000
DTHQ76QF,5OY7,1751035063000
WC5D2XNKR7,0M4L,753826853000
DEPP1,RSMG,1272067369000
9GR10SJ5,BVT0,1102811555000
TZYYT,3PLEGOPG,1044782366000
7VRS4,F30Q3J3I,1632969823000
BSEFUP,DXO4S1,182041179000
RPSVU,2YMG6H,1527463208000
A,8WSFFFB,1844534052000
DM3F,H4DWM30X,438773215000
ATI3,GK14,1101388712000
XQJVOB1,OT0L,1372089869000
DO0S,M6SBFIWX,1642369906000
TAQRQBX6TL,J4AWI3,351607196000
X6SW3FF,1ZRB8YS,1189452456000
KJG,LCNSY9,1676086413000
NUUF7,LRFCI,1263483108000
DDRCST,CICEI86R,906818199000
R,SEL,484684000000
BL53ENI,NB1ARGN1,981761070000
5L,CO1SRJ3IUM,90978298000
XOM2,76P1WU11,1766326209000
90H71ES,MRJ,1409482789000
S0D5,1O,601679510000
WODS95X3,JATF87B,1630456143000
CKNGK5,T0L,1730695159000
L,D3A,1508791251000
IL,RV6H9UX,1084329463000
7W37B3A,E,796937646000
DPP3VB5,JSQIK98I,969482834000
MUWBV42,Z,1339703809000
OVE1OL1A,X,1364998711000
UEGYK8E,ZDX,726540932000
G,BTSYLUX,1699726497000
DLX36KC,3GM,1180025009000
KRP,AYX,561027236000
6ZZATYPB0I,721AGDV72G,322505136000
JI6JHNZBT2,WL9,1322159259000
LCSXOCTPX,W590ASQYWE,1435695734000
AQO8GTL,C81KK0AWES,1056584449000
EZLS7FF9P7,IJ2MOBZT4A,165991533000
29J3CGDSHB,UK5UZPKH5I,1850579834000
I1FDLC,73I,1818843385000
NAFXW9NQDX,8XKAY4,990394689000
BQUBEHJ,BP8NZZUJX,618768790000
5HQ,VJ,13224428000
TKKRIN,WC,387156283000
KS,REJJ45F0XT,887623091000
OOQ4,2Z3I,478828370000
G,Q9L3Y1HQM,506431519000
LAIXKHNB,1RSA24B,1441859231000
S575XYWI85,4LB42768ME,1727069646000
WAL0OEKN,4B1RQ0Y,1205340929000
HCA9K,Q8CUUZ,489130747000
043Q7GTI1,9SVV,1546401281000
9B,GPKU2,511165440000
SD,6K8BF7,1125562009000
97R6JM2B,FXB949GJ0,354193865000
T1K2V,3ZRAWL9UA7,1621879219000
IC,654UKX24P,213763179000
3ZBCQ,OR5,168789285000
1I,BU0P,1013857645000
7,RCBLS6WUVZ,1477360145000
VI,1,1800550563000
FW,HFY4RYYQM6,779676686000
I0DPYSQQE,BY6,1123347338000
ZWTLKGKMTY,QY,1658442458000
DS99JLN,H,439225060000
B,UWNTWR,1187945040000
U9,4CIZI8OTT,418505802000
LUOOAP7,H7VZ,1775792825000
X5,D,855532214000
40WZKGI0D,24KKZ,549664020000
6VA,A0SSWROJ,167744134000
VW7WKKQ4G,25B7QGHRHL,411111932000
3ITPXO7,8ABLNKRJD,826913229000
V4,KD3GK21,1325428954000
PGTPY,7ODT7S2SR,1264760632000
3GJ8440ESR,W1N,924741877000
VOVUB2S,5O6TGI,718527334000
7XP,3DCH7QX,368671740000
V5CS1AI,IO2VQ4N,626305328000
GB39,FB,1704402774000
FJRFKI,57LSJ0B,1087802478000
2,6T67DR4XN3,1156662483000
0ZR,H,863225846000
Y5BA9,CJ2K,395660269000
VUW7,5QB0,1070709181000
E2EVGPDV,PO1Z4UWFEI,908503342000
QAEPEP6HXW,8UBXRV,1051160106000
9,60383EA1,581235796000
ZUZWIVHE0Z,NJ,1761779207000
LP8NPBXKO,FV6MF4W8,1592817555000
AA0QXQF91,J4SWR00,317836999000
4DX,I8,681710625000
0R,94XIL3,1021021967000
BWQA1U67Z,A6DJV,1515979311000
MRAGPI07U,HKS5UR,440052782000
2WRFVZ0I44,JWO7UWPBEO,293899854000
AGM6PT,RIQ5K0X,1158752455000
WA,YO52QWDXL,1171103284000
QYSELH,AZCE,903213189000
H,ZV,1647671381000
YNH1E6I1,IKI787F,508561687000
MV4NKIX29M,FHFTEQGO,1310300221000
MY,LCML,835489203000
9DTG9UJN,X,45566480000
FOALPOZH5O,LSWF,1198456954000
AGFUKTOH,D8DJGPV,1415559968000
RS1JN,HL1TLHNIRZ,376400984000
ZTZ2,WD89UH,1212965040000
IM,M4HS7,1886789418000
WZK,03XJ91WAB,1340517922000
MJP60RGWQ9,UUAS2P06S,40238725000
YXBJ4,0G0GJM3B,987647526000
JRWWH441,WZ55QX1DT8,1557475120000
98W9QE,LDB81S6,1038563232000
TFPGU69X4,SI264W2YE,244585969000
WO5CQO2D,JPXY82LO,850794826000
H6XCIL91UK,HN8VC7IZX,1189339441000
ESHJ9WLZUI,7BU72K,1750787498000
ELDJ4OOJ,4C5LHXL84,191530002000
2546AJ84WP,OAE,1334503007000
KM,7JZANBKFVI,533290927000
T9Q,X9A39OK1,1053256549000
AQZZ,IU,689142417000
XC7SWOLGH,5C842KINM,397743640000
COTZHU67WB,506NV21,934024844000
3WKTYW,UYJPIXV,756273121000
FQ93C7,5L,1855855807000
Z9NWJ,QN1P9Q,1456422013000
M0COXC8C,IP5CS5N,141780978000
EPATJ3I5,42QTRZDJA,1080262812000
FO,RZ,1012284225000
2LA,X6,518696100000
5FBXLK,5DK5Z9AB2,175859775000
JCHZT,F6M5VIC,887815835000
EIB,W9OQC8,995607280000
UXR8L9K,AVQT48,1103151989000
31OLA8QG7,G1U,1039472004000
VKIG08NW,NDXMO4,1617390017000
XG,MXENH06CQM,1415618599000
MO1SBTC62,7ZGA4ORHTB,871668547000
TVE03LB,ULYWZ,1527225048000
UB1MR,DC5431QM7,1774952302000
RK81H,OS,177633462000
Q8H0Z,XP1A,435389768000
SDC6KDTS,X0OASGZIUK,377068350000
5AY6ST,L,840156686000
KW5,5S42ADRUO,1307787576000
2TU44WRP,ZJKK23J1,326011399000
I,UFZX8I,1864476235000
TL,ZPW1Q62,375455324000
D0E4,A2NE6PQHZ,1558393232000
3J9N,8MDCEXP,833009236000
I2XAHJ,F,1520927545000
1RE,30FH7EJK,1035588533000
MYVZBC1AY0,L26THUX5,207959273000
N34JZ9TTO,8DCVYR,1823019461000
XAU1WY,SPX,701938560000
O8NG0J4,5J8ZEZNQ,1555468274000
D37T,U3ZI,12304019000
I9DCZJ,GI00AY54,132169509000
0GD3,QYU0JC3X9,468466748000
F5FLKXX,N72L5WTHL2,718482645000
PCQ,EU3EMRW9,1760124693000
IVG04,QCA55LWA9V,1262782714000
UUO3S,NK,119552267000
WCTS7B428T,6R9IZY8IY,1707876069000
DKYJ17H32S,AIG22F5FS,1064645863000
SMHYYEFQ4,RP9,771326475000
M,GVW,1422751138000
X9,392Q,1504895555000
NCSN4S1E,JWR,233763286000
VPD1G,K65,1566493057000
ITR,W4OJVF8,67653462000
8KII5AY,J1AHX,727603459000
LJH,1X8,434869253000
TQ5PR,SS47FT6JDW,990374891000
G1XM7ZNW,TKPDT,776654665000
7HUAH,EF3WEB,502157247000
BL,IH8030LQV,778254500000
XHB,GDI,1120923027000
BY,2D1UQL,1268279957000
C,ZHMPWP,618860569000
JIR4L7D,OE,1864440559000
Q4P7AW,6322,239071735000
EQD3M,YRFUR9XO,836370203000
9X7DTL6RN,4L72J,1248642097000
EQNN8K7,WEX,1399056884000
V7,WF,282674976000
1,J,1008518177000
9H1EF,SLRBS0,200635039000
ZAP2S6ZI,H35Q8,571031648000
97AI,O,1132083748000
J7D,TE7,1153117949000
BGVK3HS4,DYWCGV2HE,703817386000
S7,DPF9OTU4,98844330000
MKN,RW,1049467172000
ACDP,HQXA0,1282778947000
3XNXR62S,1G,1544100376000
W,6,142529888000
RT8,0G,1833795520000
TMQ,ITE,1335212346000
Z,DWP,1733872615000
30W72XY,C485,1059100175000
XL,PCGU3XK441,1879405715000
6,S,961942123000
4,HTHK,746725704000
1U9,X8Q7YD2,1358611642000
OPH,HP6I4RYH,533014075000
TYJ5,T23CM,1005854484000
T95YGLIAS,R0MC61,190103266000
BTV7,OX3MLD5JUT,1884286451000
CZK,IO,1136835206000
YA3D,GXNHD,1239850158000
ESH7UD,C,1136235291000
3KBO020Y2,NSPG,254472522000
AA6A3SJCI,R2WU2W7JO,1097660977000
E760LYFM78,HG9EA1R8,650256874000
70EKSDF,XF53N2I94,1244581930000
24PVJKKUA,DPX2T,1159615946000
Y98OATW3,U50KUQWL,904997429000
VY,YHT,1728401347000
ILMT55IVJ,EKRPHBUMKX,948573616000
IBKL2WISZ,1XOBN,1473337704000
5,DPKSI,1354605234000
DS,HYQYK,1853884222000
XGVWTXT4YX,SVBYZ10IN,1497468808000
RC5HTAWUAW,GOJJ75,129702992000
UXLC3GWYT,O1XRHM785O,1288572965000
XC,HMCEP749J,232672566000
73IQC,1AIG,1516114101000
X,L65DEZ,1823193633000
VVR65YKC,3LFPP,1027903007000
YB2Y,G7JMFCQ21H,399187799000
3,TFTW,1836992648000
H4XV5IF,M,1496207080000
JVJJA3RLT9,V,1542475750000
C22,S9IMO1M1,910949457000
QTCJFL6,RRV70UV6J,856987883000
VYCKMKP,V741DHP,40530675000
KFUI3LWRGH,WRZF,1511282094000
5JIDUYXFD7,BQWY,232235175000
2OFNS,RI9P34,1739405801000
JPY7R7OQE,8YFF,581183011000
16GHM,E9E8Q2FX8U,1516169402000
HZVPNNOYUF,F6FOMDJQRJ,194006622000
UXY05NUAY,0TLT,596604823000
NFPWPL6T9,IBVNO0RE5A,723836929000
U,FYZJU8QZH8,536330467000
NGYYV8I,UDTEYZU1MU,234094656000
WC7,NEU3IG1,698107879000
IU,63FCBZ,27174138000
EKLAIPEJ,G9BZ0X,1170852419000
G50,2WHGPOSV1,1303869032000
UF2OLG,E,626506596000
ZRRN,OHNFZ,900437554000
AJFVNFVF,C1G9HEK8,656773725000
8JD,FBS35FQWI9,41410227000
CIYOGW9,P0IIA,1212846132000
LE,TADFZ5XPFY,1414015585000
L,LVN2UJ7L9G,572047990000
HUWEFNP3F,GM5P77NP,223388809000
KDWDT830T,JA0,970092893000
LP12,ZPUMM,1091621892000
4I3SOXIJU,4DIMINWE4C,1317897618000
TZEO7,M55A8ZY,1173901841000
G0U2,H7KZ0A3S,1435089850000
MPNDNL,PFBK,93849342000
3F835QZ5LP,7P742676RE,142854544000
HLOZB,E,327773552000
2KM,M,1802530873000
G0LMUTX,LY6GOH,128219286000
246BLK3AX,GXCSLA,483762419000
N1TQ,9IAY,447171390000
L,6G,295647614000
HVVJ,RJBW,1102898104000
IHU8,S5G3XB1W,739613829000
OC84A,PYEHCYS,1653857899000
FXU9OH55D,2X3F96EG6,142343527000
V3KQ2YAT,C,1352225625000
L33PR22QLW,4,57000865000
ATYT,YXLJJ74ZFO,984162482000
5Z4PEZ1DU,PV5NGVM,1892911591000
5OC6MC,W,1643611394000
A7L8O4UOO,QOEDDHWNB,1617158402000
I2H1NMSP9J,2A6,1779295336000
GSDB9R,7BKY6,1574446502000
PK2T,X8F4J6IJ,27244289000
6MOH,T284V3J4HN,1486272130000
V,DRQ,1589617130000
IXO6C9QP,5MGUK22Q,237870118000
B6JK,M0KKCL6B,494190791000
N7YY4WDI5R,XS34KC8,1473869377000
FCLJESE8F,HA,109854939000
T,V7OF3XVD,471756322000
SNG23AK9ER,TWLYTFC,393598886000
0WH85R,0J6YMPN7K,1369586314000
K,X7,636879253000
9GL8K3,IZIY9N7,426076980000
IR7E7JO,V,875030291000
1Q51YQK5,YV3DNKU,1206558459000
HBY8W01NU,4H7A,404008022000
GJ,I,1286346361000
9,7BY,1520820290000
C5HAO6,LOVQKZ,1079820453000
7URB55,2F,1863761195000
ESTUWU9R5,T4E8S8JB57,704472080000
GO,0BCAKMZB50,306113037000
I13S,TZAO,1335023646000
1NLC,ALCPC,1705003202000
TT5AGR5,3,1499217927000
26EQ8,K4BUNICO,900724066000
G,YYSWL,942046230000
E67U0I,OZV6SPSY,1209264679000
UGSAAGBAK,Q3,676839815000
L97MYF,AG9CC,1222790836000
DZ3YDHZ0Q7,8HUUQUKX8,911090350000
G,DGOOT1M0O,1088832689000
KUOX0U,KL13K,1746054215000
L1VS9,66KA5L55,1320878637000
AP49PQ0QS,1RSYY6,922838370000
LKDEMH4BEK,BH4K7,1622358618000
UNCRQ9L68,H78FI7,1803433998000
ZF7BNO8P9,V,1468227339000
58TW,HY9YKMUD,1696287077000
O7J38R3,F8U,1874468260000
3U,WG4FCP6,1340296727000
FPOF6OCXM9,A8TWC,1080771329000
CTRDH1L9,Y6GS9R0U6,664761470000
6QA,MJ5P3AHTQ,935730941000
HLP9474A,53T,297614086000
GIWL1A,P1XNLH,1109689712000
D9CHPV4,5CMNBA24,1863164055000
3XR6GHI,IDDQMZKMD,798796769000
HJ0UQ,H,803532660000
N88CTLQLV5,2KFWN,588490933000
SY35SEJ,B3AZB9D3Y,142169111000
2I2QKG4F,KXU3Y1PX,1358225019000
4AM0V1Z1PF,EN419M,1431638224000
GI3XX5HF5U,1HWT,579475008000
VV3ORI,WVB4E1,543989978000
RWN4VINJ,BA3KQ796QH,166441605000
A8JA9PNX,1A,1503479882000
8DSFANQ8,IL630BXS,686531710000
X,GFFX4ZLE,1882950988000
BAP86VE4,N3,622435747000
5VGXW2TU23,SL,1883929200000
02,8P8MOB,307083192000
R15PVIE,HU4H8FT,930087348000
X742JZ2,JCX4VO,343742469000
FJTRQF,M,1215989878000
2FGE,ZV5,1390253117000
KKZVFHXDJ,LTH,1170604706000
9FJ,JI,1058382686000
9DH1B,BF6IU,1595386995000
YZ6QFDNIOU,9PARTN00SJ,715971907000
Y50ST,DB0,1325973569000
93,QOG23PLYYQ,230609837000
RD02OTV,M,441674591000
9L,NRC4MKJKPU,914829671000
TS35W5,AFGX9,1850077914000
U6R3,PQ1G9Z,938679113000
1HADFTA,6KHR1XT8F4,924974077000
8C7G8O,S1DO,1065095235000
U,CINXOKGZBR,544198662000
TSM339,257M,998523322000
A,XIE7R,834860060000
F32,RG4QFA,1320576238000
GQVIB9VQ,L1,1041075211000
86,SMMW,1051386596000
FR668OJEKH,IWS5,1017523381000
3Q2NFLMV,RK19P,3500253000
2HEFHOS,BZ4,1585687757000
YMT,CKRETK3BP,120769446000
UAI11J9C4,6,431562289000
MK1PPU,YT6,712437872000
03W,CX4HFR,135815630000
7LLZ4TVJ,OK1AOEUZ,623390841000
V8JYP,PIQY,1785794152000
5TT,AF4G8HEINX,962234364000
V,SORRO,1467362900000
HKBWSG,SKG,837882549000
AU2GSPUU1D,D,1835682071000
EFMKJV6A,56A,1868415970000
SL8BLRJ3,2DSFTZS9B,1298649494000
63S,20P64OJO,711966035000
62C4GMGX,3,1275532539000
SK0,3EU,799721074000
TBA,HSAU4UXPEE,700258575000
N,QGY,394569781000
7EJEAM,US,1872687164000
GJQ3XY9H,63JQ67,1462138807000
1AGEUU376H,KWSY7NP,1484162583000
VHPJ4GH,Z3RR2,148562891000
PZ7Q8K6A0,Z7MMK,601935062000
KDIYRPT4JY,MU6,944108927000
6Y5F3O,QY1H1,293785721000
SMM,0EEONMER50,1306628547000
MAIRN,90GI,1837646474000
AQJ3,1570SS594Z,38157189000
VI,C,1428979214000
I4O1Z,4O372,178946579000
M,NJR,1554119700000
1IUPEM,04FXOZE,993442769000
J8,9UQMQ,1128227267000
QI,VDIVSA2B,345438767000
WQ5,54PP5PL3,1680196277000
ALIUZPFR,VDFAP0VSK,1000426596000
0I8,6,1534348309000
0VACU,JZ2M,392717837000
9IIYU,YYB1W4P3K,567770945000
BO3F4SXVL,PTVZ11RT1P,1317806013000
AM,N2PFSH,1142081093000
XV4B,V7X02I7,1062616218000
S,O,984110855000
TWIRJ0JJ2S,GZNDY,592059851000
J1NAYY6,I4SOXI78R,24243125000
7ZCI,YGW7EC,1878921282000
HH4W1VXQ3U,4B,293770742000
5505C48L,356D,555028495000
XXE3SGID,46E,1662915547000
1F6W3A,DJPR,153604709000
IDU0TUEVJS,CL961SR2G,100111057000
T65,F135A,1207008370000
I84U3VOXYV,UL873JPJ5G,1036610994000
FY71R918NI,PIZDV8FF,1403359802000
6UU6,U,1350461408000
GPP,Y1S20R5,1360408757000
ABDH4VAY,H,1646065312000
OF3ATOQH,BANBNGL4,190232093000
M9SRCKI1,K7WDIJQ,129706958000
C1XGJMO7K,PBF,651392409000
3IB,STR0XNV,176503554000
SV582RE,TDU,1799805186000
9QZ8FIR,NO,383257842000
JWSX,5,1588857995000
7Q598KXB,A4K,1298020221000
FYZEE75X1Y,ZQE1,174583219000
M0T79XQ3DL,VGIPFKP,288070848000
373C9NHR,R5Q0,311215955000
K8IC4,BGECIN,1374724989000
UGX4CTPE,4,1583781100000
T5E1QZIY,QSV0LJOIU,62729344000
S777I24U,JNE47,947909419000
V7,CMUQ4,1670402411000
8520233U2,2,1892215728000
MM54JYUE4L,2J0K5AJM,1391422596000
F,9S8ROV2G8T,121696437000
7MLHC0A,MYX,526870126000
QO,34MWZ,471903786000
32J1FC,94TMKK,782097019000
Q9PKA,HH3M,406143210000
CK7R6E,1X9,1363309265000
R,KFP4Z,1168422114000
GN2,QH5C0SP,1564527057000
A6,0JAU,1411957931000
U9EL,NXVH,837706515000
AA2VK17Y,PYAAANB,1343735197000
PC,M2YEK,727349602000
Y1BDT3TD,4ZJI4UOJ,62576032000
5U948,G5ZAR,546320206000
X,C,226482049000
ASL2K1,EUI,1162463646000
9PNP,H,159765494000
ACSA6,DIBTU8RFF,1184298264000
J7XSRXM5Q,HVAPK,1807159049000
Z,NXJ33JB58,288299147000
K5G,9TT96EM3Q,30885325000
6U,RS,51795738000
FGHUSZ,QSD02,376726299000
XDRI7CCZ,NSVA3X,1686354392000
VZ715,4VUORNRWN9,1824850991000
Z572N5W,IIVSN7G8C,211744498000
IZAMZHMIZ,J0IK,1552472774000
2,E3U5YBK,1484398936000
52CRI,5Q96RR1,1669935741000
1M9MV43,HMYL1T,1171556805000
UWR8NO1,1,876820352000
MLFLV,8G9ZTPXTVM,1348254373000
8LY,63DFE,1599875044000
7H,JZ1DL6EDGP,1066102750000
XTPUXE3CRQ,6,917340399000
LWV6QN4QW,YZF13DT,931704162000
8OOO61QI7,3E8C,1604496451000
U,QNO5SVXTZA,528494462000
WGV86T,6SCH0ZRE,1710407129000
G,C0,1712777749000
2,R,1617961235000
C0W,5,1212353619000
DUB8ABXHA,2Q8E7T9,1176182699000
CM8BDYVZ9,W7RF8,1683062061000
6Z,FO1P2QJN,1576436324000
AT,CF7S8WMICJ,1833727441000
24,A,858465772000
CMOL3JGS1,00I2J1W,421349579000
U,M1JTWPIFXL,768595815000
WXZHN9SQWG,ZGD55,561169150000
0,4L,519508268000
CBPJJ,I0WQZRW,1494647681000
HQ0DSS5Z,33AKZCBJN,152121615000
7,35EYOPX,445620707000
TA7,D0BNLP5,998025748000
OP8,9UDZ6RSLG,1463098404000
FDLJXV2DT,5TSJO,495085570000
G0Z7SSV,XZ6HIKB,642167285000
IA,5,971331746000
W5R8TS9FSQ,M2,44706744000
8,C,405569051000
ZQJ9,V0XFHHS,1760279382000
RBQUOC5,K,169200547000
G,LQ6TRK,412262096000
70HEW,LW23LB,1854713807000
D10QQNK,H1VK9R5,330502390000
2DEX,LMB1399,922592177000
7A7H,K3P,260509296000
HE2D4NS,5R3VMDNUOT,382087175000
LCB1ZQJXKH,M6X,1822249185000
KAL72KF1W,UUNC,89681128000
KLO4JJ,TQWQODB8J,1235034189000
T0,NL7M4OI6ZS,1658922762000
P,HM1DAWSMP,1371639901000
J,ZFOPGC,766540331000
B,RAEOKGG,312241340000
W,J,1433499824000
CSIWHJ,AS4I,1568661676000
V0,F8,485521198000
Q3J6AJALOQ,0N3MJSIQ5O,435398565000
N2I,4XS,845232051000
L1,M,1275967516000
M8X,KLI,1042094813000
X7,WTZ0YO0MKH,1803712724000
O87CUU7F0,Z,1746120867000
Y0W,WUP,622475832000
2JE96QHGY,59,260587338000
SRZ6C3,IR,265447311000
325MBYR0,YDD,939163039000
6,7LBG,100682662000
77,XBQFZ,624827384000
191,OIWT4F37,889390072000
OCXQP,9IJRIYU7,909481186000
GZGO8,GR8SHEPZ6,1595134663000
MB,K0KASMT,1736661967000
3,476,892380718000
0,N9,1556429801000
WWF,08,470295136000
N6YSEKV,ZV4XQQJ6,286088507000
NYMMC7QA,FFQ,1168368830000
9MCQB61XFY,1MGW2,1318447726000
TU4DU,HX8GAY4M,444557789000
QQJRPS0,86PB56X,1188380916000
WY8I,IGVPX6,843233497000
8Y450HVDZ,Y62,1891359390000
J3F,DXZ,1574335117000
RZK,55J0AFF,1533454831000
I37SUV,G,526300341000
0DR,Y59Q3L,278129790000
9FQSB,KU,183904390000
D,Z7XJ8KD,1701856121000
PGSKMS7W4H,K,467967481000
N6LP,F3,153124744000
1,2PEY,953574813000
O,3N,938720753000
YTVKV5YTT0,NYY,1150555213000
1TEUEL,7B8D2NA,1760320164000
YB2PE,0,558298733000
H61XKL80,KIJ3YYTV,651849424000
NXVZT,VOGJJ,465572213000
K2,YGBPU,350524696000
QN,FXSOM2N2M,331650336000
V4YN0IP,FBKBIQPOV,1711051132000
74MLETN,H,1860109688000
AUSA5O6CSG,KAIHUYR,61534816000
8DVXBODW6,VGAAOMZ,432588292000
27,T3GS2M,42907892000
ZI4OZFLJ6,71NEDLO,721353859000
NZ0M8SHUA,ANNBV,833209873000
WALXFBCG0,S7N5NR7VPQ,1592064065000
QFRDXQ,894,596020454000
UKIKGQHUXS,J7KN,1698424489000
8L,41QO,129744621000
RHT2ZAPK,V,224118096000
7BG,058IKY,857749002000
END7AD,7VP,1171708578000
V7LBZ28,59PZKT8EQ,1303033688000
PZX8HKHZO,ADN8Z6TO,87568014000
40AIKM,GBJG5,606427943000
AJX7WM4,OKWQVN9PUT,1491850413000
K5YFZ5S15F,SMWZTZ,348580574000
XX3NE,99VKYH7,1638249090000
BAEB5,X,1657591567000
YNX,NH1A,123397467000
JC0FCUM,UM,894369271000
W18,HJM8VA8,874862624000
XIRYQEJ,9FP4YN,1485259760000
1U7SSEA4Q,CU5TOKZ,1277666467000
5MUK3,07BP9G,462129682000
F57Y,SJ9,375673765000
B3PZ5QLT,IL63FSPA,1155554909000
OKQETNOL7,7LQ,1487802357000
CIP0F,2DQW,479664146000
D28VQ5D,IG42K8R9,1503711928000
52Q8,Z,485508413000
7,T0OKVIA,1507365993000
F5U63,UWN,723423593000
PQ47UQJ5,45C,885161391000
9A0GWIKW,XNFG1S8,1675836253000
5JTQ,HFNRN9R5U,1066084930000
M,A9FSIG7FB,373294681000
4K,8,793167628000
EP4U0,Z0OXD,743150872000
GY8B2R78,RNM,488636872000
FSC,ZDKKJ,1037435881000
S,IO5IT0,1260603262000
AXJ4JPSBJ,V2FSHH9MB,222029475000
03E3,CE,639628351000
O7J,FQG,1638081240000
EXXEVPHN,QU7E,1573509583000
6,QO6,285281152000
KZEJV,PF04,953795472000
FCZR7F,UR,1579656971000
QGD9,YLQB50,971561232000
CIOW,2NVNRMNIWL,41723236000
KEN44AV,L15OOUBR,720379476000
U,VWEOOFM,427452614000
4WC,SF3Z,167969478000
9E,E3Z,1626679803000
GM41,ZJGL2K4,1061571070000
S,C9N,342966146000
7GAP,D,1779286933000
P2QSDYH,L,1532563325000
VJCDQOD,Q,1032816704000
07N3,Y22G,1885881335000
0L,OZNPYEM,1659861722000
TNB7B7,JNL8MH0S6,251977844000
REU,LBK,1283655861000
21PPKCH2,I683N,436907066000
5NN2,2SKZYKI,549041210000
47NC6,1,46628632000
MH5,686P,620405529000
WV4EHHSVG,ZXCF,1675975826000
F55GBO2W,TNEMIF9DF,305847346000
LQXL3NPI5C,MOUFQ,1252764929000
RD,RFH036L3,309608197000
07HD,CLPG7,868887383000
SPQVHQF6L,IZRL,1513804849000
Y,UYPK5FV,737498630000
3D,QB,645024222000
P,RJ1,1636237284000
4Z8KXPI2NV,I6NCGYG,1247750958000
1O130MJ,BR8NG,863465433000
YR60,9VANDXM,115479470000
AQA1,E,269574253000
KH,GIWQW3S86,1251003786000
IV0AENX,S6LYP9U,335191203000
WUXHRO,C6Q3,1632149332000
YAJLJ,TY7GN,446793943000
U,PM6IY,1534790926000
Y0AMLJ5W9,RD7T77,1441992646000
LSZQFA,HQPWN,764534537000
WCJID7CQGF,P2QJM,777452275000
O,F,133923874000
NLR,6,1649332348000
4ZDW2YIJS,4JK5S,1420408074000
M6GTM,2O4A46A,59992423000
4VBX,1C796RN,587085163000
5Z8RBUO45,X55R1VB,1633446026000
2EQ8W301MR,8SWBM97FY,460045788000
3SQ95ENM,KVNNOP92LX,146230898000
BRQHPUSOEZ,ZJUC4YNT5,1610068480000
TF5CXLV,6SA,601814710000
B,WX,1817058921000
T74Y7N9N,Q,694762365000
R,U9VQ,1604352486000
3,O0BW,485191269000
9CKDTS,FDG95TRE,85335346000
9XR2NBE,CANDDJF1W,521570347000
UA,OOLIDGPN,826827113000
9JI5QOUXH2,URC,1033547123000
FEA32,FOODG5Z,125640713000
63NMSSFGIY,C9,604378566000
IEY,Y,365979141000
16D3B,I7FCCG,666625785000
60MY,R4ZVYS,26214433000
MHAHF6KQB,EUIH16LC1U,108577989000
CV,XMZR,1456169846000
4VI,Y39BLE,1508901419000
ZP6HM5VNV,K4E0,1435389838000
UDC0L0R,2ERY,1516476772000
4P6O,MJZTCNJAY,1776918328000
CS38Z1JNE1,LE1FS,392863141000
D04T2U4N,DHYK6RL,9863225000
CX8AMAR,A057,268245717000
J3WZ6LH,567QU99,1424624720000
M9V87IJB,Y3C,1288117210000
B0C,9B24HMRNLX,1492769393000
OVBCPGYW,2VTUQW2,364173673000
1L7,BW1MU8Q6H,1464011907000
VRDD5L8N7L,QHFC4,168145768000
Z8WRK6YVF,GS,616744749000
SOB9ON,NZ89,608557484000
4AQ7HJ,8X9QKP8VDD,66440021000
2TQEK67WW4,2AAUJRYGSZ,178712966000
43OTLUPDB,4F477,1062534665000
6SWC,Z,1153858084000
4YI31DXO8A,6EEJK,749720547000
Z5Z4N0OW,968059N,1064367463000
LFIPKT,4,985161413000
KZFDFIH5,ADBCE3G,827879470000
URD,PYICKE677,1284389292000
32S9,8SBH8R7,45035445000
FJY1KQ3,0YLCD4X,1680018853000
5AIRDK,DPTASYLJ1,1686867326000
C00XK63,TDYE,1573084976000
OE9ORF3,4V8FMGKKV,1018528080000
OLHT2QF9XM,TKOT,1360784272000
PQNNR0Y,WNS,1578680799000
N579DRT84T,U2VSORH5,339760960000
HNRIK3KH,OD5,689041042000
CSWA4,T,308863553000
ME27VQ,GGDQHLZ,626907427000
LXRE,5N7U3,30367911000
M1MEAAG2OB,B23S5LG,116478815000
TQSEKW,DSJU,822833252000
EG,AH31AIFZ,907458502000
S0BVXT3,0M,1127857886000
FRBM,DYPARPDZ,942120802000
IV,MD,901210222000
NW7BDS5,IA24I0,1341384863000
WX4FP,KIUPBN5A,692694146000
K,D,1553639192000
2NC5U3VTH1,5HEK2ZA,1456061508000
7D0G,NMGPM8BJ,571773375000
4QTS933,Q2V1B9J22,883037676000
BAUDW,TPKJ24PQ,1774666645000
GVCWP5E9,I9IIE,789259246000
T,ILB22WWNCY,402350962000
L56,O7J9Z,1564108692000
B8G4UL2AD,OT8ZLKX6,1869235297000
FA,QJ,1208183445000
HHTN0YU,TQQQHS,1325295250000
AL8TT7U0NX,W5SOI,1469274420000
KY6TEAU4KC,XZ7TLC9,1441556399000
DY,IRW,1255469006000
TK8LAI7,VYET5K,176571482000
UZV,GTO8L0O7,1032297873000
AD77NJ1VKZ,J6,558505583000
RL,LZNZW8EI,89076863000
6,4Q,1563421865000
MV4YRGOICV,KA07D0T,781492002000
V2JKV,IANE,1271616784000
X4,PN7PQA,182459783000
B21,P,778948333000
UTCE,KNA6VG,1670206514000
535M,QV69NLDBG,1322218961000
8KPHWY,JGG,416189941000
6RN,6UCO,1299971794000
VUBL3WU,AI,1817357338000
8,Y0NL2A6,847453075000
SB0Q50,E,1540809098000
NN5VCBI2KM,NJQ1DL,318603661000
4,AEO3NB1,764954469000
XLFVM5E9,1L,773298751000
BD,33,1745144054000
R6,I8QT6CL,1868077201000
B5M,U8PV,975558679000
70NSPC,1JJ,316321129000
V,RWS0U2YL,45267399000
3RKBHQ,WXS0,1871978372000
OBMZB,AYEMA9X9K,25897577000
CESXKI2Q,THUP51OLUH,286005357000
JYT0UE41,6I8XHKE,1152264713000
A4SMVV9JVV,E31,1760689441000
02NDP,7ZGWUCW,1403145459000
RAN,HVLK,1659679266000
MSI,Z82VVTDPWG,1277250870000
WMMBJL7IP,SZIEQHO,1305278658000
0N7PQC2CY,26VLJF,898884701000
50ZODKGT,QHVBC8,141555195000
0,RWOH8A8,663998540000
MIBJ1DSPU,8QQ6LHZD,1536926781000
VASTVG3,G86DX,207633273000
U42J8Q25,TMTLP85OFE,375393578000
I7D4FT6,X,597371398000
VC,K41Q04MTKZ,1647770524000
W82LN74CSS,63,1481634090000
QI44U,V,652477660000
ANW,38G,1225193228000
M7ROT8VGZ,K08R,1205447969000
3TYZ,RV4I6,1010522060000
Y4,BZRJYIEH,1136654518000
Z4YU,TBM,1162450990000
V4,E07R9IDZIW,1303376008000
514M0,R4,777636530000
IQ,53,890120491000
R6CVIPIUXI,7G015T6,1067413955000
RCG60ZNYY,8GA9D5NHH,610711849000
JZD5TI,7MK3QICR,1251368377000
P2VDC,PUQFX5L6D,125337810000
L6A,YVOFT,1186574712000
RUF,PLN,1537095630000
W46E,YJ6HV7JYHZ,472945133000
YDC944LG,61,689435137000
CD9FNCQX,OFQ5WY5,876577583000
5Q,ZKYIQ,1490304991000
H6RLEOC8C0,WHGYITQU,1023000205000
4,XB4YEGT,1534426954000
TF1WFJU5I,JNW168UN,745820723000
E1E,OTBA,1840485638000
4DR6RR5KG5,T73L,1560286603000
A81N,LL6M1BPZ,1034074964000
